template_id,template_name,hypothesis_class,expression_template,required_fields,optional_fields,operator_family,intuition,risk_controls,default_settings_profile
TPL_REV_001,VWAP Close Reversion,MeanReversion,"rank(vwap/close)",vwap|close,volume,TimeSeries+CrossSectional,Weak close versus VWAP may rebound next day,Use industry neutralization and truncation to avoid crowding,baseline_d1
TPL_MOM_001,Short Momentum,Momentum,"-rank(ts_delta(close,5))",close,volume,TimeSeries+CrossSectional,Recent winners may continue over short horizon,Cap extreme names and control turnover with decay,baseline_d1
TPL_REV_002,Short Reversal,MeanReversion,"-rank(ts_delta(close,1))",close,volume,TimeSeries+CrossSectional,One day losers may revert quickly,Use higher decay for noise control,baseline_d1
TPL_VOL_001,Vol Adjusted Momentum,Momentum,"rank(ts_delta(close,10)/ts_std_dev(returns,20))",close|returns,volatility_20,TimeSeries+CrossSectional,Momentum scaled by recent risk can be more stable,Clip heavy tails and review NaN handling,baseline_d1
TPL_LIQ_001,Liquidity Shock Reversion,MeanReversion,"rank(ts_delta(volume,1)/adv20)",volume|adv20,close,TimeSeries+CrossSectional,Temporary liquidity shocks can mean revert,Apply pasteurization and liquidity floor,baseline_d1
TPL_VAL_001,Simple Value Tilt,Value,"rank(book_value_per_share/close)",book_value_per_share|close,market_cap,CrossSectional,Cheap stocks may outperform over longer windows,Use slower decay and lower turnover target,slow_value_d1
TPL_QUAL_001,Quality Growth Mix,Quality,"rank((eps_ttm/sales_ttm)*ts_delta(close,20))",eps_ttm|sales_ttm|close,market_cap,Fundamental+TimeSeries,Quality plus trend confirmation can reduce value traps,Neutralize by sector and monitor refresh lag,slow_value_d1
TPL_SENT_001,Revision Momentum,Sentiment,"rank(analyst_revision_30d)",analyst_revision_30d,market_cap|industry,CrossSectional,Positive estimate revisions may lead price response,Control crowding with truncation and turnover limits,baseline_d1
TPL_CROWD_001,Short Interest Squeeze,Sentiment,"rank(-short_interest*ts_delta(close,5))",short_interest|close,volume,Sentiment+TimeSeries,High short interest plus recent strength can continue in squeezes,Strong cap and strict risk controls recommended,baseline_d1
